id,date,tweet
1325195021339987969,2020-11-07 21:54:48+00:00,"71,000,000 Legal Votes. The most EVER for a sitting President!"
1325194709443080192,2020-11-07 21:53:34+00:00,"THE OBSERVERS WERE NOT ALLOWED INTO THE COUNTING ROOMS. I WON THE ELECTION, GOT 71,000,000 LEGAL VOTES. BAD THINGS HAPPENED WHICH OUR OBSERVERS WERE NOT ALLOWED TO SEE. NEVER HAPPENED BEFORE. MILLIONS OF MAIL-IN BALLOTS WERE SENT TO PEOPLE WHO NEVER ASKED FOR THEM!"
1325099845045071873,2020-11-07 15:36:36+00:00,"I WON THIS ELECTION, BY A LOT!"
1325096422799237120,2020-11-07 15:23:00+00:00,Georgia Counties Using Same Software as Michigan Counties Also Encounter â€˜Glitchâ€™ https://t.co/N2KlEOezGi via @BreitbartNews What a total mess this â€œelectionâ€ has been!
1325087011464749056,2020-11-07 14:45:37+00:00,Big press conference today in Philadelphia at Four Seasons Total Landscaping â€” 11:30am!
1325067488695099397,2020-11-07 13:28:02+00:00,People were screaming STOP THE COUNT &amp; WE DEMAND TRANSPARENCY (As Legal Observers were refused admittance to count rooms)! https://t.co/CW1tivI45c
1325065549559291910,2020-11-07 13:20:20+00:00,....Bad things took place during those hours where LEGAL TRANSPARENCY was viciously &amp; crudely not allowed. Tractors blocked doors &amp; windows were covered with thick cardboard so that observers could not see into the count rooms. BAD THINGS HAPPENED INSIDE. BIG CHANGES TOOK PLACE!
1325065546342264834,2020-11-07 13:20:19+00:00,"....This would ALSO change the Election result in numerous States, including Pennsylvania, which everyone thought was easily won on Election Night, only to see a massive lead disappear, without anyone being allowed to OBSERVE, for long intervals of time, what the happened..."
1325065540390559745,2020-11-07 13:20:18+00:00,"Tens of thousands of votes were illegally received after 8 P.M. on Tuesday, Election Day, totally and easily changing the results in Pennsylvania and certain other razor thin states. As a separate matter, hundreds of thousands of Votes were illegally not allowed to be OBSERVED..."
1324927258679767042,2020-11-07 04:10:49+00:00,Incredibly stated Jim! https://t.co/FNbZ71gsZx
1324901123996741634,2020-11-07 02:26:58+00:00,â€œWe need an explanation as to how these numbers have been running up for the last two or three days.â€ Matthew Whitaker. @EveningEdit
1324855496722026498,2020-11-06 23:25:39+00:00,"I had such a big lead in all of these states late into election night, only to see the leads miraculously disappear as the days went by. Perhaps these leads will return as our legal proceedings move forward!"
1324846580147642369,2020-11-06 22:50:13+00:00,Joe Biden should not wrongfully claim the office of the President. I could make that claim also. Legal proceedings are just now beginning!
1324768077939118083,2020-11-06 17:38:17+00:00,Where are the missing military ballots in Georgia? What happened to them?
1324752659996397575,2020-11-06 16:37:01+00:00,"With the attack by the Radical Left Dems on the Republican Senate, the Presidency becomes even more important!"
1324750568817102852,2020-11-06 16:28:42+00:00,"....has been able to render decisions in a matter of days.â€ Ken Starr, former Independent Counsel @Varneyco"
1324750565092610048,2020-11-06 16:28:42+00:00,"....hopefully this will be corrected at the Supreme Court of the United States. Also, these late ballots past Election Day are illegal, exactly what the President has been saying. The Supreme Court, in extraordinary circumstances,..."
1324750561514848256,2020-11-06 16:28:41+00:00,"....Legislature. They just ignored that, ignored the Constitution. Now we bring it down to the counting houses, and outrageously, observers, who are the sentinels of integrity &amp; transparency, were excluded. Pennsylvania has conducted itself in a horrible lawless way, and...."
1324750555059728384,2020-11-06 16:28:39+00:00,"â€œThis is what we know. We have to go back to the state level and how this morass came to be in the first instance. The Governor, Wolf, and the State Supreme Court, flagrantly violated the Constitution of the U.S. The power to set these rules and regulations is vested in the"
1324730186798161925,2020-11-06 15:07:43+00:00,â€œPhiladelpiha has got a rotten history on election integrity.â€ @Varneyco @FoxBusiness
1324613375213621248,2020-11-06 07:23:33+00:00,"Twitter is out of control, made possible through the government gift of Section 230!"
1324613181466173440,2020-11-06 07:22:47+00:00,"I easily WIN the Presidency of the United States with LEGAL VOTES CAST. The OBSERVERS were not allowed, in any way, shape, or form, to do their job and therefore, votes accepted during this period must be determined to be ILLEGAL VOTES. U.S. Supreme Court should decide!"
1324612560646262785,2020-11-06 07:20:19+00:00,"So now the Democrats are working to gain control of the U.S. Senate through their actions on John James, David Perdue, and more. Would End the Filibuster, â€œLifeâ€, 2A, and would Pack and Rotate the Court. Presidency becomes even more important. We will win!"
1324541720583905286,2020-11-06 02:38:49+00:00,https://t.co/11BmRoMKa3
1324541695577436161,2020-11-06 02:38:43+00:00,https://t.co/U4x4etE097
1324541657665200129,2020-11-06 02:38:34+00:00,https://t.co/ityeypdGDi
1324541519873847296,2020-11-06 02:38:01+00:00,https://t.co/HhiK6eDVds
1324493225579696129,2020-11-05 23:26:07+00:00,News Conference at 6:30 P.M.
1324401527663058944,2020-11-05 17:21:45+00:00,STOP THE FRAUD!
1324386685858287616,2020-11-05 16:22:46+00:00,All of the recent Biden claimed States will be legally challenged by us for Voter Fraud and State Election Fraud. Plenty of proof - just check out the Media. WE WILL WIN! America First!
1324382829535498244,2020-11-05 16:07:27+00:00,Big legal win in Pennsylvania!
1324375607933833219,2020-11-05 15:38:45+00:00,"Jobless Claims Dip to 751,000, Lowest Since March https://t.co/dzuJpS78nb via @BreitbartNews"
1324375334653988864,2020-11-05 15:37:40+00:00,Fmr NV AG Laxalt: â€˜No Questionâ€˜ Trump Would Have Won Nevada â€˜Convincinglyâ€˜ Without Mail-in Voting https://t.co/pm4Wpfr6x0 via @BreitbartNews
1324368202139357186,2020-11-05 15:09:19+00:00,ANY VOTE THAT CAME IN AFTER ELECTION DAY WILL NOT BE COUNTED!
1324353932022480896,2020-11-05 14:12:37+00:00,STOP THE COUNT!
1324139647111409667,2020-11-05 00:01:07+00:00,"Detroit Absentee Ballot Counting Chaos, Blocked Windows and Observers https://t.co/KzIwhbQrDt via @BreitbartNews"
1324139387546984449,2020-11-05 00:00:05+00:00,Demands Arise for PA Attorney General to â€˜Step Asideâ€˜ https://t.co/jrED09zpK1 via @BreitbartNews
1324130551234727936,2020-11-04 23:24:59+00:00,"Our lawyers have asked for â€œmeaningful accessâ€, but what good does that do? The damage has already been done to the integrity of our system, and to the Presidential Election itself. This is what should be discussed!"
1324108206801563650,2020-11-04 21:56:11+00:00,.....there was a large number of secretly dumped ballots as has been widely reported!
1324108200141082624,2020-11-04 21:56:10+00:00,"We have claimed, for Electoral Vote purposes, the Commonwealth of Pennsylvania (which wonâ€™t allow legal observers) the State of Georgia, and the State of North Carolina, each one of which has a BIG Trump lead. Additionally, we hereby claim the State of Michigan if, in fact,....."
1324061986779504642,2020-11-04 18:52:32+00:00,"We are winning Pennsylvania big, but the PA Secretary of State just announced that there are â€œMillions of ballots left to be counted.â€"
1324059767581671425,2020-11-04 18:43:43+00:00,"Wow! It looks like Michigan has now found the ballots necessary to keep a wonderful young man, John James, out of the U.S. Senate. What a terrible thing is happening!"
1324033983882166272,2020-11-04 17:01:15+00:00,"They are working hard to make up 500,000 vote advantage in Pennsylvania disappear â€” ASAP. Likewise, Michigan and others!"
1324032541544927233,2020-11-04 16:55:31+00:00,"They are finding Biden votes all over the place â€” in Pennsylvania, Wisconsin, and Michigan. So bad for our Country!"
1324012341458075648,2020-11-04 15:35:15+00:00,WHAT IS THIS ALL ABOUT? https://t.co/6487pYLZnL
1324007806694023169,2020-11-04 15:17:14+00:00,How come every time they count Mail-In ballot dumps they are so devastating in their percentage and power of destruction?
1324004491612618752,2020-11-04 15:04:04+00:00,"Last night I was leading, often solidly, in many key States, in almost all instances Democrat run &amp; controlled. Then, one by one, they started to magically disappear as surprise ballot dumps were counted. VERY STRANGE, and the â€œpollstersâ€ got it completely &amp; historically wrong!"
1323864823680126977,2020-11-04 05:49:04+00:00,"We are up BIG, but they are trying to STEAL the Election. We will never let them do it. Votes cannot be cast after the Polls are closed!"
1323864021167198209,2020-11-04 05:45:53+00:00,I will be making a statement tonight. A big WIN!
1323765884268224514,2020-11-03 23:15:55+00:00,WE ARE LOOKING REALLY GOOD ALL OVER THE COUNTRY. THANK YOU!
1323725991148167171,2020-11-03 20:37:24+00:00,"Get out &amp; VOTE! Under my Administration, our ECONOMY is growing at the fastest rate EVER at 33.1%. Next year will be the GREATEST ECONOMIC YEAR in American History!

Find your polling place below. https://t.co/OODmll3Snt"
1325284470178656256,2020-11-08 03:50:14+00:00,"@nytimes @AsteadWesley She does not understand there is a time and place for everything. I don`t think twitter is the best place to discuss issues that`s going on within your party. Yesterday she went after LP, today this. It`s always about her."
1314225119217287169,2020-10-08 15:24:20+00:00,"CalmerÂ® is an in-ear device that calm sound sensitivities, reduce stress &amp; have helped some people with their tinnitus: 
Some have great results, whilst others hear no reduction in tinnitus. https://t.co/YQguxCaaaq  
100 day money back guarantee. https://t.co/MtP6UrtM4k"
1325284468068913153,2020-11-08 03:50:14+00:00,@Barbiee2705 RazÃ³n por la me cree Twitter. ğŸ˜
1325284467909435393,2020-11-08 03:50:14+00:00,"@SteveSchmidtSES Now don't go away from Twitter!  Lots of exciting possibilities for the trump mob and I need you to 'splain it to me! Hugs and thanks, Steve"
1325284467192320001,2020-11-08 03:50:14+00:00,"I genuinely donâ€™t know what part of twitter iâ€™m apart of. i know iâ€™m here in mcyttwt, but i couldnâ€™t tell you if i was apart of happytwt, sleppytwt, or any other. i just kinda vibe in the void"
1325284466730921985,2020-11-08 03:50:14+00:00,"@InternetNobody6 @JoeBiden My stance on that would be, who declares what is/isn't news? Why is Facebook/Twitter making that decision for us? I believe that conspiracy theorists should be disproven &amp; not censored b/c with censorship comes false validity. People see something removed &amp; are inclined to follow"
1325284466659520513,2020-11-08 03:50:14+00:00,Twitterã®äººé”ãªã‚“ å‹æ‰‹ãªåè¦‹ã¨ã‚¤ãƒ¡ãƒ¼ã‚¸ã§å›ºã‚ã¦ã‚‹ã‹ã‚‰ æ™®é€šã«ã³ã£ãã‚Šã™ã‚‹
1325284466022092801,2020-11-08 03:50:13+00:00,"(RecomendaciÃ³n del dÃ­a) ê’± â†·#769
 
Nombre: Follow me
Tipo: Au (Twitter)
Shipp: KookMin 
Estado: En proceso 
Autor/a: @KookLuu_
https://t.co/4PW29X7Rt7"
1325284466013532160,2020-11-08 03:50:13+00:00,"Bukan si monyet doang, di tiktok temen2nya jg udh mulai beraksi. 
Mereka ini kalo disentil dikit lgsg ngerahin pasukan bloonnya utk nyerang. Gue diblock jg sama monyet ini di twitter lama https://t.co/zw0eLpeGP6"
1325284465950687235,2020-11-08 03:50:13+00:00,"ã¾ãã€ä½•æ•…ã“ã‚“ãªæ³¨æ„å–šèµ·ã‚’Twitterã§ã—ã¦ã„ã‚‹ã‹ã£ã¦ï¼Ÿã•ã£ããƒ›ãƒ¼ãƒ ã‹ã‚‰é§†ã‘è¾¼ã‚“ã§ãã¦è»¢å€’ã•ã‚Œæ€ªæˆ‘ã•ã‚ŒãŸå¤–å›½äººãŒã„ãŸã‹ã‚‰ã€‚

I was running in and fell down a short while ago, and the injured foreigner was witnessed. Therefore I'd like to draw attention in Twitter, and it was murmured."
1325284465577439234,2020-11-08 03:50:13+00:00,"Meu twitter bugou, q Ã³timo ğŸ˜"
1325284465032060932,2020-11-08 03:50:13+00:00,"Dear @Twitter @TwitterSupport

I have been following @BTSGlobalCharts for a long time. They never violate any twitter rules and follows guidelines accordingly. Please remove the temporary restriction from the account.

Thank you. ğŸ’œ"
1325284464772046848,2020-11-08 03:50:13+00:00,"è„…ã—ã˜ã‚ƒãªã„ã‘ã©æœ¨èŸã¯æœ¬æ—¥ã§
Twitterã‚’è¾ã‚ã¾ã™ã€‚
çŸ­ã„é–“ã§ã—ãŸãŒæ¾ã‚¯ãƒ©ã®çš†æ§˜ã¨æ¥½ã—ã„æ™‚é–“ã‚’éã”ã›ã¦å¹¸ã›ã§ã—ãŸã€‚

æ¥ä¸–ã€å¹¸ã›ã«ãªã£ãŸã‚‰ã¾ãŸä¼šã„ã¾ã—ã‚‡ã†ã€‚

ã‚ã‚ŠãŒã¨ã†ã”ã–ã„ã¾ã—ãŸã€‚

ã€€ã€€ã€€ã€€ã€€ã€€ã€€ã€€ã€€ã€€ã€€ã€€æœ¨èŸ"
1325284464633720832,2020-11-08 03:50:13+00:00,@fastpxce sofrendo homofobia do twitter . obg natan ğŸ§¡ğŸ§¡
1325284464553943040,2020-11-08 03:50:13+00:00,âœ¨TWITTER DRAFT - a threadâœ¨
1325284464499585024,2020-11-08 03:50:13+00:00,black twitter is undefeated. yall were an amazing source of laughs during this stressful ass couple of days and I luh y'all.
1325284464331640832,2020-11-08 03:50:13+00:00,Good bye Twitter. Hope Peace has dawned upon the World
1325284464268877825,2020-11-08 03:50:13+00:00,"@TUBB0LlVE what a coincidence because i am eddie kaspbrak, on twitter dot com"
1325284463291600897,2020-11-08 03:50:13+00:00,@LWins888 @ZuZuQ5 These hammer statements and what Twitter says is too funny.
1325284462465327104,2020-11-08 03:50:13+00:00,nunca tinha dado mt importÃ¢ncia dai comeÃ§aram a falar no twitter e eu passei a odiar em mim ğŸ¤¡ https://t.co/ZAn3xNt8se
1325284461773139968,2020-11-08 03:50:12+00:00,@ElieNYC ğŸ¤£ğŸ¤£ğŸ¤£ I always say this kind of thing. I love how your Twitter feed is like a more funny version of my own thoughts.
1325284461580267521,2020-11-08 03:50:12+00:00,twitter calling his tweets fake is killing me https://t.co/uBDpy3FR3E
1325284461508919296,2020-11-08 03:50:12+00:00,ã€Twitteré™å®šã€‘ãƒ¡ã‚¬ç››ã‚Šå”æšã’ã€é€šå¸¸ã®å€ä¹—ã›ã¾ã™ï¼Twitterè¦‹ãŸï¼ã¨ãŠå£°æ›ã‘ä¸‹ã•ã„â™ª https://t.co/AKmFUZ7ndr
1325284460837953538,2020-11-08 03:50:12+00:00,TRUMP OBJAVIO DA JE POBIJEDIO NA IZBORIMA: Twitter gaÂ upozorioâ€¦ https://t.co/U8vFfSlIJL
1325284460540043266,2020-11-08 03:50:12+00:00,"I hate you, Twitter"
1325284460061995010,2020-11-08 03:50:12+00:00,"@boiled_walrus Them. Give us Edit, Twitter."
1325284459885723648,2020-11-08 03:50:12+00:00,"Ansarap talaga sa feeling makipag Twitter Party namimiss ko to, tagal-tagal narin di ako nakakapag TP or nag TP ba ako nun

#RuruMadridOnAOS
@Rurumadrid8"
1325284459826962433,2020-11-08 03:50:12+00:00,Human gyud ning module ug answer ron HAHAHAHAHA sige lang ug twitter
1325284458963083265,2020-11-08 03:50:12+00:00,"@DailyMail The @FLOTUS has updated her #Twitter account...

Picture courtesy of https://t.co/wI3yBVkMeC

#ByeByeTrump 
#MelaniaTrump https://t.co/GngGXNHtWo"
1325284458795204609,2020-11-08 03:50:12+00:00,"ãƒã‚¤ãƒšãƒ¼ã‚¹ã«ä¿ã¡ãŸãŒã‚‹æ€§æ ¼ãªã®ã§ã€ãã†ã„ã£ãŸè‡ªå·±ä¸­å¿ƒçš„ãªè‡ªåˆ†ã®ç‚ºã«Twitterã®æ–¹ã¯è¾ã‚ã•ã›ã¦ã‚‚ã‚‰ã„ã¾ã™

2ãƒ¶æœˆã¡ã‚‡ã„ï¼Ÿã‹ãªã€ä»Šã¾ã§çš†ã•ã‚“ã‚ã‚ŠãŒã¨ã†ã”ã–ã„ã¾ã—ãŸ

æ›²ã®æ–¹ã¯å¤‰ã‚ã‚‰ãšï¼­ï¼¬ã«æ°—ã¾ã¾ã«æŠ•ç¨¿ã—ã¦ã“ã†ã¨æ€ã£ã¦ã‚‹ã‚“ã§ã‚ˆã‚ã—ããŠé¡˜ã„ã—ã¾ã™"
1325284457952256000,2020-11-08 03:50:12+00:00,I've never seen twitter do this for anyone before.. https://t.co/gS1nsstyDH
1325284457377652736,2020-11-08 03:50:11+00:00,"Hereâ€™s to you, Twitter friends, on a great day. #BidenHarris2020 https://t.co/UcKku2lU3U"
1325284457230766085,2020-11-08 03:50:11+00:00,twitter really got vons case closed in like 24 hrs
1325284457058873344,2020-11-08 03:50:11+00:00,"Well Twitter, I believe that I'll call it a night. Everyone take care and celebrate responsibly!

...Dick pic... https://t.co/Qs2CiKps1B"
1325284456836390912,2020-11-08 03:50:11+00:00,"Dear @Twitter @TwitterSupport

I have been following @BTSGlobalCharts for a long time. They never violate any twitter rules and follows guidelines accordingly. Please remove the temporary restriction from the account.

Thank you."
1325284456760946688,2020-11-08 03:50:11+00:00,Ingat saat kalian bergabung dengan Twitter? Saya ingat! #HariJadiTwitterSaya
1325284455918014465,2020-11-08 03:50:11+00:00,@Bron_Season @CantGuardDree Now I see why he gotta get off twitter for a week https://t.co/lNuZ66Zdmc
1325284455481741312,2020-11-08 03:50:11+00:00,@BarnesBarnyard thank you twitter user BarnesBarnyard :â€™)
1325284454936547328,2020-11-08 03:50:11+00:00,does anyone have that twitter thread of mcytâ€™s spotify accounts? i wanna follow them :]
1325284454118486017,2020-11-08 03:50:11+00:00,"Zane Sparling on Twitter: ""Man in Proud Boys outfit pepper sprays woman the crowd claims is â€œantifaâ€ State police on bikes intervene https://t.co/m8xkvlw626"" / Twitter https://t.co/0GBhS8Zdbi"
1325284453623672833,2020-11-08 03:50:10+00:00,pessoas que visitaram meu perfil e grupos que sigo no Twitter https://t.co/zSxIirpkup
1325284453581795333,2020-11-08 03:50:10+00:00,"President Trump, when you are done fighting the criminals who are trying to steal the election go after the criminals who run Twitter next! https://t.co/IWXZil0xaF"
1325284453350993920,2020-11-08 03:50:10+00:00,"Pengen banget nih buat ngobrol langsung sama Stray Kids di TV Show Shopee 11 Nov pk. 19:00 WIB! Psssttt ada bocoran nih, STAY semua bisa loh ajuin pertanyaan ke mereka loh. Pantengin twitter @ShopeeID ya biar ga ketinggalan infonya! #TVShowShopeeSKZ"
1325284453271269377,2020-11-08 03:50:10+00:00,I have nothing riding on this Clemson/ND game. If ND drives down and scores a TD here they should go for the win. Go for 2 and the win. No OT. IMO and of course thatâ€™s why Iâ€™m typing this on Twitter and not coaching NDğŸ˜‚ğŸ˜‚ğŸ˜‚
1325284453124501504,2020-11-08 03:50:10+00:00,@canadaslady Never followed him. Jan 20 turn potus twitter back on
1325284452164018178,2020-11-08 03:50:10+00:00,"@00_xgg ãŠãŠï¼ï¼ç‘å¸Œã•ã‚“ã®ã‚¤ãƒ¡ãƒ¼ã‚¸ã ã¨ãƒ‡ã‚£ã‚ºãƒ‹ãƒ¼æ˜ ç”»ã¨ã‹å¥½ããã†ğŸ¤”ğŸ¤”ğŸ¤”
æ–™ç†å¥½ãã¨ã‹æœ€é«˜ã§ã™ã­ï¼Ÿï¼Ÿï¼ŸTwitterã«å†™çœŸã‚¢ãƒƒãƒ—ã—ã¦ãã‚Œã‚‹ã®å¾…ã£ã¦ã¾ã™(*Â´-`*)ğŸ’•

éŸ“å›½ç³»ï¼æœ€è¿‘èˆˆå‘³æŒã¡å§‹ã‚ãŸã‚¸ãƒ£ãƒ³ãƒ«ã ï¼ï¼ãƒˆãƒƒãƒã‚®ã¨ã‹æ±ãªã—ãƒ©ãƒ¼ãƒ¡ãƒ³ã¨ã‹é£Ÿã¹ãŸã“ã¨ã‚ã‚‹ã‘ã©éŸ“å›½ã®æ–™ç†ç¾å‘³ã—ã„ã‚ˆã­ğŸ˜­ã‚¢ã‚¤ãƒ‰ãƒ«ã¨ã‹é¡”é¢ã™ã”ã„ğŸ˜­"
1325284451874725888,2020-11-08 03:50:10+00:00,@Bxbynochu te tengo activadas las notis uwu pero siempre estoy re muerto en twitter entonces f
1325284450889031680,2020-11-08 03:50:10+00:00,Sorry to be MIA. I was in Twitter jail for this. https://t.co/fPq7Xzjd4o
1325284449014124544,2020-11-08 03:50:09+00:00,@UnfollowTrump @kurteichenwald @KamalaHarris @JoeBiden Trump's Twitter feed is going to be comedy gold for at least another couple of months.
1325284448418476032,2020-11-08 03:50:09+00:00,my mom just said she wants to join twitter BYE MY NAME IS GOING BACK TO AURORA
1325284447831339009,2020-11-08 03:50:09+00:00,"eae galera, como Ã© ter amiges no Twitter?"
1325284446946332674,2020-11-08 03:50:09+00:00,@jessithebuckeye Iâ€™ve lost like 40 today. Iâ€™ve seen people say that Twitter is doing sweeps and banning pages
1325284446782828549,2020-11-08 03:50:09+00:00,@realDonaldTrump @Twitter needs to shut this account down.
1325284446518407168,2020-11-08 03:50:09+00:00,"Dear @Twitter @TwitterSupport

I have been following @BTSGlobalCharts for a long time. They never violate any twitter rules and follows guidelines accordingly. Please remove the temporary restriction from the account.

Thank you. ğŸ’œ"
1325284445864091648,2020-11-08 03:50:09+00:00,"@almostdita @Twitter @TwitterSupport @fundsforbangtan Dear @Twitter @TwitterSupport 

I've been following @fundsforbangtan since a long time ago and this account have never violated any of your rules and was never impersonating anyone. Please lift your temporary restrictions from their account. 

Thank you."
1325284445054701569,2020-11-08 03:50:08+00:00,"Anto, tantas cosas que podrÃ­a decir de ti y ni una sola mala, sos de lo mejor que he sacado de Twitter y te quiero cuidar siempre mi vida mereces puras cosas buenas y te adoro demasido â™¥ï¸â™¥ï¸â™¥ï¸ https://t.co/XckkzNX8Q6"
1325284445000245248,2020-11-08 03:50:08+00:00,Twitter exodus https://t.co/T1JYpuD7OP
1325284444840734722,2020-11-08 03:50:08+00:00,@Gurotan_Banana ã„ã„åŠ æ¸›Twitterã‚’é–‰ã˜ãªã•ã„ã€‚
1325284444173967360,2020-11-08 03:50:08+00:00,the way i single handedly converted my sorority from instagram girls to twitter girls ğŸ¥°ğŸ¥°
1325284444102561792,2020-11-08 03:50:08+00:00,@kokooda_bot ç§ã¯botãªã®ã§Twitterã‚’é–‹ã„ã¦ã„ãªã„ã€‚
1325284443796373504,2020-11-08 03:50:08+00:00,"ã¡ã‚‡ã„è’é‡è¡Œå‹•3å‘¨å¹´LIVEè¦³ãŸã„ã‹ã‚‰
Twitter#è’é‡è¡Œå‹•3å‘¨å¹´ã—ã‹å‘Ÿã‹ã‚“ã‚ˆçˆ†ç¬‘ğŸ˜‚ğŸ˜‚"
1325284443729301504,2020-11-08 03:50:08+00:00,@scriptedsshe uy pero viste que la gente de twitter es sensible
1325284443582464000,2020-11-08 03:50:08+00:00,"@Trump2020You @Maribee1921 @CameronAnthonyT @ahughes333 @BrendanKeefe @11AliveNews Iâ€™m pretty sure the overwhelming number of people that votes against Trump is what matters. By the way, your Twitter handle is aging badly."
1325284443175739393,2020-11-08 03:50:08+00:00,"Ando re desaparecida por twitter
El genshin impact me tragÃ³ y ahora es una adicciÃ³n"
1325284442798247938,2020-11-08 03:50:08+00:00,@iheartmindy @realDonaldTrump let's do the entire twitter website and let's see who the fuck asked about your opinion?
1325284442722562049,2020-11-08 03:50:08+00:00,ã‚„ã‚‹ã“ã¨ãªã„ã®ã§ãŠè“å­é£Ÿã¹ãªãŒã‚‰Twitterã¨YouTubeè¦‹ã¦ã‚‹(ãƒ‹ãƒ¼ãƒˆ) https://t.co/0FOQGPOOGR
1325284442290655239,2020-11-08 03:50:08+00:00,Coming off twitter
1325284441191714816,2020-11-08 03:50:08+00:00,"ãªã‚“ã‹â€¦å§‹ã‚ãŸã¦ã®äººãŒTwitterã§ãƒ•ãƒ¬å‹Ÿã—ã¦ã‚‹ã®ã¿ã‚‹ã¨â€¦é ‘å¼µã‚Œã£ã¦ã„ã„ã­ã—ãŸããªã‚‹ãªâ€¦
ç©ºã§ä¼šãˆãŸã‚‰ã‚ˆã‚ã—ãã­â€¦"
1325284441070030849,2020-11-08 03:50:08+00:00,@tw_paabot Twitterã‚’ã‚„ã‚‹å‰ã«è‡ªåˆ†ã®ã“ã¨ã‚’å„ªå…ˆã—ã‚ˆã†ï¼
1325284439954497538,2020-11-08 03:50:07+00:00,"@yashar Have dinner and a cold one, binge some TV, surf Twitter, then go to bed"
1325284439891603456,2020-11-08 03:50:07+00:00,"Confirmo lastimosamente comencÃ© asÃ­ pero no le tiraba hate ni habla de ellos solo no me gustaba, comenzando la pandamia buscaba algo nuevo que escuchar y puff aparecen ellos y le di una oportunidad
Y me atraparon, es la primera vez que estoy en un fandon y que tengo twitter. https://t.co/jiLS6cJvjK"
1325284439845318663,2020-11-08 03:50:07+00:00,"@jooeysiiu Hadn't known you're American 

Not long ago, you were complaining twitter wouldn't help you share conspiracy re Biden ... and now getting all touchy feely ...."
1325284439673462784,2020-11-08 03:50:07+00:00,Twitter refuses to give me the voice feature cuz they know I already talk too much shit
1325284439610585090,2020-11-08 03:50:07+00:00,pessoas que visitaram meu perfil e grupos que sigo no Twitter https://t.co/k51XjKSysO
1325284439145000961,2020-11-08 03:50:07+00:00,@VioletRoseK @ProjectLincoln @realDonaldTrump No I'm ending it because you're pointless to argue with. You may live on Twitter but I don't. LOL just say goodbye.  Or maybe I'm just turning you straight ğŸ˜‚ğŸ˜‚ğŸ˜‚
1325284439098843137,2020-11-08 03:50:07+00:00,Twitter is hammering down on people telling the truth.
1325284439065305088,2020-11-08 03:50:07+00:00,think iâ€™m just going to piss away all my thoughts on this twitter account so i actually have somewhere to put them ğŸ¤¡
1325284438821883904,2020-11-08 03:50:07+00:00,@AppleMacGeek Twitterã‚’é–‹ã„ãŸã“ã¨ã«ç½ªæ‚ªæ„Ÿã¯ç„¡ã„ã®ã‹ï¼Ÿ
1325284438125768705,2020-11-08 03:50:07+00:00,@PlimouthOutWest @iDaveHasQuesti1 I guess Twitter is disputing this statement.  ğŸ¤£
1325284438050177024,2020-11-08 03:50:07+00:00,"@FOOL_NELSON @15poundstogo Twitter be like this right now

https://t.co/59zVh1vDzr"
1325284438020812800,2020-11-08 03:50:07+00:00,@bot_dao2525 Twitterçˆ†ç™ºã—ã‚
1325284437211295744,2020-11-08 03:50:07+00:00,Twitterã«ã¯å±…ã¦ã‚‚å‹•ã‹ã—ã¦ã‚‹ã®ã»ã¼èƒŒå¾Œå¢ãªã®ã‚ˆã­ã€œâ€¦ğŸ’§
1325284436909256705,2020-11-08 03:50:07+00:00,"æˆ‘ç­‰ãŒã‚Œã„ã‚æ–°é¸çµ„æ”¯æŒè€…ã®ä¸­ã«ãã†ã„ã†äººé–“ã¯ç‰¹ã«å¤šã„ã¨æ€ã†ãŒ

æ¯æ—¥æ¯æ—¥æ¯æ—¥æ¯æ—¥ä¸€æ—¥ä¸­Twitterã§æ”¿æ²»ã®è©±ã—ã¦ã‚‹äººé–“ã£ã¦ãƒªã‚¢ãƒ«ã§ã©ã‚“ãªç”Ÿæ´»ã—ã¦ã‚“ã ã‚ã­ğŸ¤”

ã“ã“ã¯æ—¥æœ¬

é«˜é½¢è€…ã¯ã•ã¦ãŠãã€æ”¿æ²»ã‚„ã‚‰å®—æ•™ã‚„ã‚‰ã«ç†±å¿ƒãªè‹¥è€…ãªã‚“ã¦ã”ãã”ãåƒ…ã‹

æ”¿æ²»ã®è©±ãªã‚“ã¦ã—ãŸã£ã¦èª°ã«ã‚‚ç›¸æ‰‹ã«ã•ã‚Œãªã„ã ã‚ã†ã«â€¦"
1325284436729016320,2020-11-08 03:50:06+00:00,Salganse del twitter quiero estar solo https://t.co/kQfraIy5Cb
1325284436448079872,2020-11-08 03:50:06+00:00,@NotNiceYetGood @FannibalJ @ahooel Eu quero o Twitter em PortuguÃªs!
1325284436338937857,2020-11-08 03:50:06+00:00,reposting @BudweiserCanada post (Today calls for a Bud) because i can't retweet it again to post it to the top of my twitter page
1325284435231612931,2020-11-08 03:50:06+00:00,Half of China Twitter's tweets are not even about China or Trump but mostly some sort of infighting or vicious gossip about a China Twitter personality that they despise. Expect it to be just as active and drama filled during the Biden admin even if he is less hawkish.
1325284434648555520,2020-11-08 03:50:06+00:00,"@almostdita @Twitter @TwitterSupport @BTSGlobalCharts Dear @Twitter @TwitterSupport

I have been following @BTSGlobalCharts for a long time. They never violate any twitter rules and follows guidelines accordingly. Please remove the temporary restriction from the account.

Thank you. ğŸ’œ"
1325284434589876224,2020-11-08 03:50:06+00:00,"Twitterã®ãƒ—ãƒ­ãƒ•ã‚£ãƒ¼ãƒ«æ¬„ã€ä½•åº¦ä¿®æ­£ã—ã¦ã‚‚ã“ã‚“ãªæ„Ÿã˜ã§ã€Œãˆã£ã¡ãªå°èª¬ãã ã•ã„ãƒãƒ³ã€ã«ãªã£ã¡ã‚ƒã†ã‚“ã§ã™ã‘ã©ãªã‚“ã§ã§ã™ã‹ã­ğŸ˜…
URLãŒã¾ãšã„ã®ã‹ãªğŸ˜… https://t.co/D2xiboZkTs"
1325284434522771456,2020-11-08 03:50:06+00:00,"You know, it's funny.

I haven't heard back from ONE of those people who taunted me before the election Twitter all like ""I'll remember this and say 'Hi' to you on November 3rd""."
1325284434359296003,2020-11-08 03:50:06+00:00,@ericmcarrillo *could have arrested so many parody twitter accounts with this bad boy
1325284434069827589,2020-11-08 03:50:06+00:00,Tchau Twitter minha fav tÃ¡ mal eu to mal tbm
1325284433868574721,2020-11-08 03:50:06+00:00,WHY DID THAT DEEPFRY I HATE THE TWITTER ANDROID APP
1325284433465909253,2020-11-08 03:50:06+00:00,"First @Twitter post, post election announcement. Best wishes for the next four years or more. America has a long way to go. Letâ€™s make it there in one piece. Iâ€™m tired. Exhausted, worn out. Iâ€™d like to take a train vacation to somewhere."
1325284433449148416,2020-11-08 03:50:06+00:00,"Siempre digo que estarÃ© mÃ¡s activa en twitter y nunca se me cumple, harta estoy 

I'm voting for BTS for Favorite Duo or Group - Pop/Rock at the #AMAs @BTS_twt"
1325284433381916673,2020-11-08 03:50:06+00:00,"Twitterã£ã¦æ°—åˆå…¥ã£ãŸãƒ„ã‚¤ãƒ¼ãƒˆã—ã¦ã‚‚æ»‘ã£ãŸã‚Šä½•ã‚‚è€ƒãˆãšã«ã¤ã¶ã‚„ã„ãŸã‚‚ã®ãŒãƒã‚ºã£ãŸã‚Šã‚ˆãåˆ†ã‹ã‚‰ãªã„ã­ã€‚
ã ã‹ã‚‰TwitterãŒæ¥½ã—ã„ã€‚"
1325284432962482177,2020-11-08 03:50:06+00:00,"Twitterã‚’é–‰ã˜ã‚

çµµã‚’æã‘"
1325284432488574976,2020-11-08 03:50:05+00:00,the way twitter wont let me upload a 2mb video
1325284431603625986,2020-11-08 03:50:05+00:00,"yeah pretty much. if i get famous itâ€™s over. iâ€™m gonna go to say iâ€™m going to sleep, but really iâ€™m either going to scroll on twitter or tweet more or watch twitch or go on youtube and watch dreamsmp animations or scroll on tiktoks or facetime my friends"
1325284431003869189,2020-11-08 03:50:05+00:00,RegresÃ© a mi diario virtual... Twitter
1325284430538182657,2020-11-08 03:50:05+00:00,"@vinsinners @UshaNirmala A. What logic is this? Red states are not India and Blue states are India? This simply means, in his farcical representation, in some parts of Ind, GOP wins, in other, Democrats.
B. For what it's worth, RW-both Ind abroad did call it out &amp; it made substantial noise on Twitter/MSM"
